customer_id,customer_name,reg_date
1,Kristina Smith,2022-02-14
2,Mark Carey,2022-10-18
3,William Smith,2025-02-27
4,Mr. Timothy Barker MD,2022-02-09
5,Diana Henson,2022-11-23
6,Jimmy Wells,2023-10-29
7,Miguel Perez,2022-06-17
8,Gabriel Lopez,2022-07-01
9,Steven Ramirez,2023-05-18
10,John Davis,2021-12-27
11,Daniel Brown,2023-09-12
12,Rodney Crawford,2022-09-24
13,Emily Gibbs,2022-02-26
14,Shane Young,2022-04-17
15,Eric Moore,2025-03-15
16,Sonya Carrillo,2025-06-09
17,Samuel Brewer,2021-09-21
18,Robyn Luna,2024-04-06
19,Brittany Fuller,2024-05-14
20,Robert Leonard,2025-08-03
21,Richard Oconnell,2024-10-02
22,Kevin Carpenter,2025-08-21
23,Jessica Kerr,2023-07-30
24,Sarah Romero,2024-01-09
25,James Mccoy,2023-08-21
26,Melissa Rodriguez,2025-03-30
27,Daniel Hill,2022-07-17
28,Laura Scott,2024-01-16
29,Mr. Cody Walters,2022-02-10
30,Charlene Keith,2023-01-24
31,Michelle Martinez,2022-04-10
32,Michele Willis,2024-08-13
33,James Brady,2023-08-16
34,Mr. Christopher Price Jr.,2024-09-25
35,Anthony King,2025-04-09
36,Veronica West,2022-07-01
37,Caleb Hernandez,2025-06-06
38,Anna Ramirez,2025-03-20
39,Melanie Lambert,2022-02-27
40,Anthony Collins,2022-02-08
41,Sarah Hawkins,2022-08-23
42,Wanda Mcpherson,2024-11-14
43,Steven Richardson,2024-03-01
44,Peter Fisher,2023-10-15
45,Stephanie Rose,2022-10-01
46,Jennifer Wilson,2024-03-12
47,Anna Barrett,2024-03-16
48,Robert Bush,2024-05-25
49,Raymond Howard,2022-08-18
50,Christopher Brown,2025-04-19
51,Brenda Robinson,2022-10-20
52,Margaret Harris,2023-12-30
53,Timothy Mitchell,2022-02-01
54,Ralph Lutz,2022-06-16
55,Charles Perez,2022-01-31
56,Sheila Gillespie,2024-01-07
57,Dr. Troy Thompson,2023-03-04
58,Caroline Clark,2024-11-03
59,Tonya Phillips,2023-10-07
60,Bradley Blevins,2024-01-17
61,Jennifer Hampton,2022-12-31
62,Michele Cooper,2022-04-03
63,Destiny Valentine,2024-10-23
64,Natalie Moore,2022-07-12
65,Jennifer Scott,2025-07-30
66,Kristopher Camacho,2023-03-14
67,Melissa Lee,2024-11-04
68,William Smith,2023-11-30
69,Daniel Harrison,2023-04-23
70,Alex White,2024-09-14
71,Nathan King,2025-03-22
72,James Patel,2024-12-12
73,Julia Allen,2023-04-28
74,Alexis Sellers,2022-07-02
75,Carmen Dodson,2024-01-27
76,Elizabeth Turner,2022-02-27
77,Steven Collins,2022-04-07
78,Cory Henry,2022-09-12
79,Nancy Atkinson,2022-10-02
80,Alicia Hernandez,2024-07-05
81,Douglas Tran,2024-07-16
82,Susan Osborn,2025-05-22
83,Emily Arias,2023-07-20
84,Shannon Singh,2024-07-06
85,Sandra Ramos,2023-06-27
86,Steven Ramsey,2024-07-26
87,Patrick Wilson,2024-03-18
88,Rebecca Irwin,2025-02-25
89,William Turner,2022-06-20
90,Andrew Hernandez,2024-06-15
91,Jason Bush,2024-04-09
92,Kristin Mccall,2022-11-08
93,Donna Johnson,2025-04-18
94,Shari Patton,2022-05-17
95,Jason Delgado,2022-10-04
96,Caleb Kim,2024-04-28
97,Caleb Reese,2024-01-26
98,Michael Clark,2025-09-01
99,Caleb Williams,2025-04-05
100,Heather Gibson,2025-04-12
101,Donald Chapman,2024-06-22
102,Christopher Chavez,2024-12-10
103,Ann Torres,2024-01-25
104,April Salinas,2023-10-27
105,Melinda Davis,2024-09-14
106,Pamela Rios,2023-03-08
107,Lawrence Hawkins,2022-05-09
108,Tom Huynh,2025-09-09
109,Mrs. Kayla Fisher,2024-01-20
110,Justin Sanchez,2023-04-24
111,Brian Chambers,2022-06-09
112,John Taylor,2023-12-04
113,Susan Bowman,2022-07-02
114,Lisa Rogers,2021-10-13
115,Charles Andrews,2023-12-23
116,Tyler Gibbs,2025-02-28
117,Gary Davis,2022-12-07
118,Thomas Jacobson,2024-09-17
119,Natalie Moore,2022-08-01
120,Samuel Lopez,2025-05-01
121,Tammy Osborne,2024-03-22
122,Jennifer Black,2024-06-12
123,Aaron Rush,2024-02-09
124,Richard Holmes,2024-10-06
125,Nicole Marquez,2023-12-13
126,Robert Horton,2025-03-25
127,Catherine Pearson,2022-07-05
128,Donald Parker,2023-10-08
129,Fernando Jones,2022-04-29
130,Jennifer Pierce,2023-05-22
131,Christopher Galvan,2025-01-14
132,Darren Gardner,2023-11-03
133,Diane Fields,2025-05-23
134,Rebecca Arroyo,2024-05-18
135,Gerald Garcia,2025-06-19
136,Jason Murray,2025-06-21
137,Judy Cardenas,2024-04-27
138,Donna Harrison,2023-04-21
139,Monica Brown,2022-08-12
140,Mrs. Christine Moses,2022-02-02
141,Catherine Rodgers,2024-08-18
142,Erin Rose,2024-06-14
143,Michael Phillips,2025-03-07
144,Jason Parker,2023-01-17
145,Jennifer Hall,2024-11-12
146,Cindy Mcmillan,2022-06-15
147,Natalie Wilson,2022-07-02
148,Julia Myers,2022-09-22
149,Curtis Coffey,2023-07-13
150,David Howell,2024-10-17
151,Troy Neal,2022-12-25
152,Kenneth Palmer,2022-12-24
153,Amanda Davila,2024-03-03
154,Shawn Ayers,2025-01-18
155,James Smith,2023-10-21
156,Aaron Andrade,2023-03-28
157,Christopher Solis,2025-02-01
158,Jordan Lopez,2022-07-07
159,Keith Wood,2023-06-06
160,Cameron Banks,2023-05-26
161,Danielle Dennis,2025-03-07
162,Renee Hernandez,2023-01-18
163,Andrea Tucker,2024-01-01
164,Megan Lee,2024-04-17
165,Maureen Schmitt,2023-01-03
166,Alicia Andersen,2023-10-17
167,Alan Rice,2023-01-12
168,Lawrence Cook,2024-09-03
169,Faith Thompson,2025-09-17
170,Kaitlin Chung,2024-06-03
171,Sarah Morgan,2025-07-02
172,Craig Miller,2022-03-23
173,Mr. Jeffrey Richards,2024-10-28
174,Omar Cardenas,2023-12-16
175,Stephanie Brown,2024-04-13
176,Amber Ibarra,2023-08-02
177,Manuel Moss,2024-10-13
178,Jonathan Moore,2025-08-29
179,Becky Torres,2025-06-05
180,Sean Kim,2024-03-30
181,Jamie Cochran,2022-01-31
182,Rebekah Sims,2023-09-20
183,Dennis Jimenez,2024-10-11
184,Jessica Grant,2022-03-10
185,John Adams,2021-10-12
186,Jonathan Williams,2024-09-11
187,Jamie Montgomery,2025-02-19
188,Maria May,2024-09-11
189,Kevin Smith,2022-04-28
190,Barbara Elliott,2022-08-07
191,Stacy Cooper,2022-04-19
192,Andrea Cunningham,2023-07-30
193,Joe Quinn,2024-10-10
194,Theresa Andersen,2024-12-16
195,Michael King,2022-02-07
196,Christian Reyes,2022-10-09
197,Charles Green,2024-09-13
198,Paul Madden,2022-03-13
199,Scott Valencia,2025-04-24
200,Erik Watson,2022-08-23
201,Nicholas Davis,2024-04-24
202,Alexa Sanders,2025-04-13
203,Sydney Davila,2022-08-15
204,Jordan Rodriguez PhD,2025-04-09
205,Jacqueline Mckinney DDS,2024-11-19
206,Carla Gardner,2024-09-11
207,Linda Davis,2022-12-05
208,Ryan Myers,2024-10-20
209,Christian Campbell,2023-01-05
210,Patrick Lambert,2022-05-21
211,Megan Smith,2022-06-02
212,Sean Graham,2022-03-17
213,Christopher Costa,2022-05-27
214,Shelly Bowers,2021-12-21
215,Amanda Alvarado,2024-11-25
216,Adrian Franklin,2025-04-05
217,Valerie Molina,2025-04-25
218,Debra Fisher,2025-07-13
219,Sherri Torres,2022-12-27
220,Christopher Brown,2022-05-21
221,Allison Daniel,2024-04-09
222,Roger Roach,2023-06-06
223,Bill Cunningham,2021-12-29
224,Pamela Bridges,2022-04-10
225,Stephanie Mullen,2023-10-27
226,Victor Davis,2023-08-19
227,Chris Espinoza,2023-09-07
228,Robert Mcdaniel,2022-05-05
229,Linda Henry,2022-09-24
230,Ann Phillips,2024-02-12
231,Tiffany Gonzales,2022-05-14
232,William Powell,2023-06-03
233,Sandra Orozco,2022-08-31
234,Andrew Chung,2023-01-13
235,Susan Williams,2022-01-12
236,Mrs. Kristine Roy PhD,2024-12-15
237,Kerry Perez,2025-08-19
238,Tina Love,2022-09-18
239,Alexis Singleton,2025-03-16
240,Carrie Taylor,2024-04-09
241,Latoya Arnold,2021-10-20
242,Richard Vasquez,2022-09-04
243,James Walsh,2022-06-17
244,James Barber,2024-09-03
245,Andrea Navarro,2021-10-24
246,Francis Schmidt,2025-08-14
247,Tamara Campos,2023-11-02
248,David Hartman,2022-09-09
249,Christian Gordon,2022-05-04
250,Nancy King,2025-05-01
251,Eileen Hughes,2023-02-09
252,James Nichols,2023-01-31
253,Jeanette Thomas,2023-04-21
254,Joel Lewis,2025-05-26
255,Willie Mclaughlin,2023-01-26
256,Madison Kennedy,2025-05-15
257,Jessica Baird,2023-04-17
258,Bradley Duncan,2024-07-16
259,Blake Bowers,2023-01-22
260,Isabella Mann,2023-02-02
261,Robert Hartman,2021-11-08
262,Troy Ramirez,2021-11-25
263,Jessica Fitzpatrick,2025-07-27
264,Andrew Valdez,2023-11-05
265,Joel Bryant,2022-01-16
266,Nicholas Williams,2023-09-06
267,Cynthia Mosley,2024-07-31
268,Christie Lewis,2023-05-10
269,Christopher Herman,2022-10-14
270,Susan Kelley,2024-07-14
271,Michelle Wilson,2024-09-07
272,Jennifer Harper,2023-05-03
273,James Gomez,2023-02-02
274,Sabrina Gentry,2025-03-23
275,Thomas Williams,2024-11-23
276,Stephanie Hinton,2024-09-15
277,Matthew Gilbert,2024-09-01
278,Ian Newton,2023-04-17
279,Emily Johnson DVM,2023-12-09
280,Jasmine Salas,2024-04-16
281,Kyle Hess,2024-04-17
282,Adam Marsh,2022-02-19
283,Joshua Jimenez,2022-01-13
284,Lindsey Church,2023-08-20
285,Brittany Walter,2024-09-01
286,Alison Jones,2022-09-27
287,Amanda Gonzales,2022-08-02
288,Shannon Martinez,2025-09-05
289,Gavin Walker,2022-10-21
290,Kyle Holloway,2024-03-10
291,Jessica Hernandez,2024-05-25
292,George Schaefer,2022-08-21
293,Willie Quinn,2021-10-17
294,Jennifer Turner,2023-07-20
295,Mikayla Wallace,2023-05-02
296,Pamela Pineda,2023-03-03
297,Christine Alvarez,2023-06-22
298,Alexander Murray,2025-03-03
299,Deborah Harrison,2025-05-22
300,Daniel Hernandez,2022-05-22
301,Kelly Lewis,2022-01-28
302,Stacey Olson,2022-09-28
303,Jerry Brown,2021-11-04
304,Joseph Nunez,2023-12-12
305,Sarah Miller,2021-12-07
306,Nina Andrade,2022-12-30
307,Johnny Peters,2022-07-31
308,William Watson,2022-10-08
309,Charles Shaw,2023-04-09
310,Linda Norris,2023-03-10
311,Patricia Harris,2024-10-16
312,Donald Robbins,2023-06-27
313,Brianna Calderon,2023-12-28
314,Jordan Lewis,2022-08-22
315,Jake Estrada,2021-12-29
316,Claudia Allen,2025-08-01
317,Craig Nelson,2022-11-12
318,James Delgado,2024-08-24
319,Melissa Moore,2024-02-21
320,Heather Watts,2023-07-26
321,Briana Martinez,2024-07-09
322,Michelle Russell,2023-11-27
323,Yvonne Rose,2023-09-12
324,Ashley Mercado,2023-04-27
325,Anthony Powers,2022-08-05
326,Michael Merritt,2024-09-25
327,Jeffery Wallace,2022-12-06
328,Allison Foley,2025-07-14
329,Jonathon Watson,2025-07-25
330,Laura Kennedy,2021-10-09
331,Linda Davies,2022-03-29
332,Rodney Koch,2025-08-09
333,Gwendolyn Henry,2023-02-14
334,David Williams,2022-09-07
335,Monica Wang,2024-03-12
336,Zachary Newton,2022-04-04
337,Monique Richards,2025-02-25
338,Mark Walker,2022-03-16
339,Connie Gutierrez,2021-09-18
340,Rebecca Smith,2022-05-17
341,Kenneth Dunn,2024-07-17
342,Cody Miller,2023-01-04
343,Kara Shaw,2024-10-12
344,Matthew Martin,2023-09-24
345,Alejandro Torres,2023-11-21
346,John Thomas,2023-04-11
347,Julie Gomez,2024-07-30
348,Donna Compton,2023-02-09
349,Jane Michael,2024-12-27
350,Clarence Mccoy,2025-09-08
351,Renee Stafford,2024-12-14
352,Dominic Simpson,2023-05-09
353,Grace Baker,2022-09-02
354,Daniel Mora,2022-11-21
355,Judith Campos,2025-01-19
356,Mark Cardenas,2024-08-01
357,Johnny Gonzalez,2024-04-23
358,Dana Fernandez,2024-11-19
359,Steven Black,2025-08-25
360,Ashley Sanders,2024-04-23
361,Linda Huff,2022-07-03
362,Paula Melendez,2024-10-18
363,Tracey Freeman,2021-11-17
364,James Stewart,2023-12-26
365,Chad Lewis,2022-04-01
366,Shawn Bailey,2021-10-20
367,Stacey Frazier,2024-10-18
368,Tony Clarke,2022-09-26
369,Mitchell Zuniga,2023-06-08
370,Shelby Cross,2024-11-13
371,Austin Burton,2025-08-15
372,Thomas Alvarez,2024-02-04
373,Daniel Morrow,2024-01-15
374,Bonnie Taylor,2024-01-08
375,Christopher Parker,2025-07-27
376,Bailey Brooks,2023-02-15
377,William Thomas,2025-02-14
378,Richard Frost,2025-09-09
379,Eric Bailey DVM,2024-04-20
380,Christopher Bryant,2024-05-19
381,Jacob Edwards,2022-08-26
382,Angela Cruz,2021-11-06
383,Donna West,2023-04-02
384,Craig Hughes,2025-07-26
385,Kelly Campos,2021-11-03
386,Jonathan Morrison,2024-12-15
387,Stephen Ware,2024-08-26
388,Albert Gamble,2023-12-23
389,Ronald Little,2025-04-17
390,Chelsea Johnson,2021-10-21
391,Austin Martin,2025-08-14
392,Katrina Thomas,2024-09-15
393,Richard Rubio,2023-12-03
394,Daisy Carney,2024-02-10
395,Melissa Mitchell,2021-10-02
396,Tina Moody,2022-08-11
397,Jessica White,2025-02-28
398,William Carpenter,2022-09-16
399,Crystal Wagner,2023-12-07
400,Kari Perez,2024-08-30
401,Christine Lee,2023-06-19
402,Angela Hernandez,2024-04-29
403,Amber Lang,2022-04-16
404,Frances Williams,2024-07-24
405,Matthew Stafford,2023-06-15
406,Joshua Nichols,2023-04-26
407,Michael Ballard,2024-08-10
408,Kristen Larsen,2021-10-18
409,Rebecca Cruz,2022-07-29
410,Ronnie Lee,2021-10-09
411,Deborah Vincent,2023-07-05
412,Dustin Castillo,2022-09-10
413,Brenda Montoya,2024-11-15
414,Andrea Flowers,2022-03-15
415,Darrell Ingram,2022-10-08
416,Ashley Ramirez,2025-01-27
417,Garrett Fisher,2022-03-20
418,John Taylor,2022-09-19
419,Gerald Kent,2025-02-07
420,Jason Cook,2024-08-23
421,Jennifer Grant,2022-06-11
422,Daniel Moore,2024-07-13
423,Kevin Miller,2022-11-28
424,Gene Nguyen,2021-11-30
425,Ashley Oliver,2023-08-12
426,Daniel Adams,2022-03-22
427,Jeffrey Williams,2022-05-11
428,Joseph Cameron,2023-08-25
429,Gregory Ray,2025-07-05
430,Anita Jackson,2023-04-30
431,Melinda Anderson,2023-07-23
432,Mikayla Skinner,2025-01-24
433,Daniel Romero,2024-11-24
434,Jennifer Cooper,2021-10-11
435,Wesley Alexander,2022-09-02
436,Mr. Gregory Weber,2022-11-25
437,Ryan Alvarez,2022-09-08
438,Tammy Dawson,2023-07-19
439,Robin Williams,2022-06-07
440,Thomas Romero,2025-03-07
441,Susan Peters,2021-11-21
442,Ryan Carey,2024-09-16
443,Jacqueline Sanchez,2023-01-08
444,Shane Dunn,2025-02-17
445,Gregory Burke,2021-12-28
446,Angie Pineda,2021-11-13
447,Amber Wallace,2025-01-28
448,Paul Bird,2021-12-06
449,Pamela Black,2024-06-27
450,Mr. Hunter Haynes,2022-05-16
451,Phillip Garcia,2024-01-22
452,Pamela Lucas,2022-09-08
453,Jacqueline Valenzuela,2023-11-25
454,Francisco Mcdonald,2022-07-30
455,Blake Lyons,2023-05-10
456,Drew Gardner,2022-09-12
457,Lori Moore,2025-03-17
458,Victor Hunter,2023-06-08
459,Lisa Moody DVM,2023-07-20
460,Dennis Ford,2024-10-18
461,Emma Owens,2022-06-18
462,Lisa Sawyer,2023-01-30
463,Rebecca Nichols DVM,2025-04-15
464,Jeremy Collins,2023-11-25
465,Luis Berger,2024-10-14
466,Dr. Rebecca Peters,2022-05-21
467,Christopher Martinez,2021-11-03
468,Ian Ramos,2023-04-16
469,Jacob Gonzalez,2024-05-25
470,Brian Reese,2022-07-03
471,William Flynn,2022-01-31
472,Joshua Zuniga,2024-10-18
473,Patricia Jones,2024-12-05
474,Carlos Carson,2021-12-25
475,Connie Sloan DVM,2022-10-26
476,Alexander Hamilton,2024-03-13
477,Natalie Larson,2024-03-23
478,Susan Harrington,2023-06-19
479,Amber Ramirez,2023-11-14
480,Benjamin Mitchell,2022-01-14
481,Olivia Lambert,2021-11-25
482,Kara Padilla,2025-08-28
483,Kenneth Barnett,2023-12-12
484,Mary Webb,2024-10-07
485,Rebecca Thomas,2023-06-22
486,Nicholas Evans DVM,2022-08-20
487,Karen Watson,2022-07-30
488,Christine Carlson,2023-10-13
489,John Baker,2024-12-02
490,David Miles,2023-12-25
491,Cody Casey,2022-03-05
492,Lindsey Ellis,2022-03-02
493,Albert Gilbert,2025-04-02
494,Olivia Garcia,2025-09-07
495,Heather Morgan,2021-12-07
496,David Noble,2024-04-11
497,Derrick Anderson,2023-07-05
498,Luke Terrell MD,2025-01-06
499,Mr. Matthew Barton,2024-07-06
500,Hannah Hughes,2023-09-19
501,Miranda Black,2025-08-27
502,Scott Garcia,2023-02-24
503,Katherine Thomas,2024-05-31
504,Julie Miller,2021-11-25
505,William Robertson,2024-03-07
506,Joshua Jones,2025-01-10
507,James Glass,2024-04-10
508,Danielle Hubbard,2025-07-06
509,Emily Monroe,2023-06-27
510,Scott Brock,2024-11-10
511,Mr. Steven Long,2023-07-05
512,Zachary Valdez,2021-12-27
513,Casey Simmons,2022-06-27
514,Sarah Mccarthy,2024-10-12
515,Gregory Miller,2024-08-14
516,David Parker,2023-12-18
517,Kent Allen,2022-04-27
518,Charles Mcintosh,2022-08-26
519,Wendy Kim,2023-07-18
520,David Bauer,2022-12-11
521,Joe Robinson,2022-08-30
522,Patricia Russell MD,2024-04-24
523,Tracy Shaw,2021-11-23
524,Alexander Williams,2022-05-08
525,Alejandro Melton,2022-06-23
526,Danielle Mckinney,2024-01-30
527,Brooke Campbell,2024-05-27
528,Christine Crosby,2024-03-02
529,Daniel Bell,2022-11-28
530,Joshua King,2023-10-12
531,Jesse Kelly,2024-04-28
532,James Rivera,2022-05-24
533,Antonio Shelton,2024-07-07
534,William Smith,2023-11-26
535,Robert Baker,2025-08-23
536,Ashley Lee,2022-12-15
537,William Allen,2024-07-14
538,Nicholas Perez,2023-05-24
539,Leonard Fuller,2021-11-23
540,Ashley Hancock,2021-12-02
541,Tina Williams,2023-06-10
542,Matthew Zimmerman,2023-10-29
543,Gabriel Drake,2024-12-02
544,Cindy Marquez,2024-11-10
545,Nathan Tucker,2023-09-10
546,Michael Mccarthy,2022-08-07
547,Christopher Lopez,2023-02-17
548,Richard Wagner,2025-09-04
549,Robert Merritt,2024-05-31
550,Gene Perez,2025-07-26
551,Ashley Sanders,2024-08-21
552,Terri Williams,2022-04-08
553,Charlotte Barnes,2021-10-28
554,Lisa Oliver,2022-11-14
555,Jeffrey Collins,2024-11-23
556,Andrew Herrera,2025-08-11
557,Edward Gutierrez,2025-08-05
558,Debra Gomez,2025-07-04
559,Anthony Holland,2022-06-20
560,James Webb,2024-07-02
561,Joel Vaughn,2023-06-27
562,Mr. Keith Norris DDS,2025-01-20
563,Joseph Lewis,2025-03-17
564,Scott Bradley,2025-01-31
565,Gary Robertson Jr.,2023-11-22
566,Richard Smith,2023-03-29
567,Brett Simpson,2024-09-19
568,Heather Perez,2022-01-18
569,David Mason,2025-05-11
570,Justin Rivas,2022-11-20
571,Anita Hoffman,2024-12-13
572,Craig Rivera,2024-02-10
573,Alexander Taylor,2023-07-20
574,Nicholas Cardenas,2024-05-07
575,Theresa Spencer,2021-09-23
576,Tamara Robinson,2022-11-10
577,Cynthia Martinez,2023-11-04
578,Karen Calderon,2024-04-20
579,Christian Bradley,2025-08-13
580,Christina Hughes,2025-01-07
581,Alicia Roberts,2023-02-22
582,Derrick Martinez,2023-12-18
583,Douglas Mccullough,2025-08-09
584,Austin Watkins,2024-05-09
585,Scott Marquez,2022-07-09
586,Kaitlin Gonzalez,2023-03-10
587,David Hunter,2022-07-21
588,Joshua Todd,2025-08-08
589,Matthew Watson,2021-12-02
590,Jamie Peterson,2023-01-11
591,Joshua Simpson,2022-03-28
592,Deborah Glenn,2022-02-24
593,Evan Parker,2022-10-24
594,Kimberly Brown MD,2023-10-10
595,Shannon Taylor,2024-05-16
596,Wendy Holloway,2023-12-24
597,David Ellison,2022-03-25
598,Raven Lopez,2024-12-13
599,Jesus Frank,2024-03-14
600,Mary Rios,2022-02-13
601,Jerry Smith,2024-05-06
602,Anthony Chung,2022-02-08
603,Cristina Steele,2024-06-20
604,Jennifer Jones,2022-08-06
605,Cynthia Nguyen,2023-11-09
606,Beverly Moses,2022-06-30
607,Misty Fields,2023-11-24
608,Charles Calderon,2023-11-30
609,Vincent Palmer,2022-11-07
610,Scott Castro,2021-12-16
611,Adrian Green,2023-04-16
612,Donna Moody,2024-12-19
613,William Blanchard,2022-05-18
614,Alexander Wood,2025-02-20
615,Luis Mahoney,2022-06-01
616,Bryan Brown,2023-07-28
617,Nicholas Hernandez,2025-03-30
618,Dennis Daniels,2025-02-23
619,Jerry Perez,2023-02-17
620,Catherine Munoz,2022-01-11
621,Thomas Jones,2024-05-24
622,Stacey Merritt,2023-10-14
623,Erin West,2024-01-15
624,David Montgomery,2023-08-26
625,Emily Moore,2021-11-24
626,Sean Johnston,2023-05-19
627,Robert Jones,2024-08-20
628,Sharon Stephens,2022-12-19
629,Michael Ross,2025-09-04
630,Jeremy Rodriguez,2024-01-26
631,Jacob Stevenson,2025-08-31
632,Evan Martinez,2025-01-21
633,John Bush,2025-07-09
634,Richard Sanchez,2024-07-30
635,Lisa White,2025-06-30
636,Jeffrey Morales,2024-02-14
637,Nicole Travis,2024-03-30
638,Stephanie Mata,2023-04-08
639,Mr. Scott Smith,2023-06-01
640,Jeremy Cook,2022-05-10
641,Jennifer Moore,2023-04-08
642,Sean Davis,2022-04-14
643,William Hunter,2021-10-03
644,Alfred Booker,2025-08-29
645,Jenna Calderon,2025-09-15
646,Leah Francis,2024-07-16
647,Heather Rodriguez,2023-11-17
648,Eric Spears,2023-11-24
649,Sarah Brock,2022-01-14
650,Billy Murray,2023-04-20
651,Laura Robinson,2023-03-22
652,Jason Bradshaw,2025-05-19
653,Michael Acosta,2024-02-27
654,Angela Guerrero PhD,2022-09-03
655,Paul Allen,2022-12-11
656,James Sanders,2025-05-30
657,John Daniels,2023-07-19
658,Robert Delgado Jr.,2025-03-06
659,Jorge Keller,2025-06-15
660,Kevin Morales,2025-06-12
661,Tara Smith,2024-07-05
662,Casey Mcdowell,2024-01-16
663,Carlos Baker,2024-07-04
664,Kimberly Morgan,2022-01-10
665,Melissa Hill,2023-11-16
666,Jeremy West,2023-06-15
667,Laura Guzman,2023-10-26
668,Laura Cardenas,2022-12-23
669,Diane Wilkinson,2022-12-27
670,Gavin Ellis,2024-07-11
671,Sandra Jones,2022-07-12
672,Shawn Richards,2023-04-01
673,Marilyn Higgins,2023-04-04
674,Tracey Campbell,2025-02-04
675,Terry Mays,2025-03-11
676,Amanda Turner,2021-11-19
677,Karen Curtis,2024-08-16
678,Christopher Nicholson,2022-01-21
679,Lisa Vasquez,2023-04-08
680,Erin Day,2023-08-23
681,David Fuller,2022-11-18
682,Terry Newman,2022-07-28
683,Tammy Fisher,2023-09-08
684,Joshua Schmidt,2024-12-19
685,Lauren Cantrell,2023-03-21
686,Maurice Bennett,2023-12-14
687,Sarah Gilmore,2022-12-29
688,Megan Lowe,2024-07-11
689,Melanie Davis,2022-05-12
690,Peter Wright,2023-05-11
691,Aaron White,2025-07-16
692,Scott Jordan,2024-08-06
693,Curtis Brown,2022-11-13
694,Laurie Graham,2023-07-31
695,Bradley Richard,2023-05-22
696,John Villarreal,2022-11-26
697,Gabriella Combs,2022-05-23
698,Sandy Tapia,2023-01-09
699,Jeremy Jennings,2023-01-17
700,Katrina Davis,2024-10-03
701,Juan Farley,2025-07-17
702,Frank Poole,2022-06-05
703,Jasmine Coleman,2022-10-05
704,William Pittman,2023-10-23
705,Kyle Clark,2025-07-30
706,Emily Lowe,2022-07-11
707,Earl Valencia,2024-12-31
708,Ashley Gonzales,2021-11-11
709,Ernest Thomas,2021-12-20
710,Ann Strong,2024-09-29
711,Jessica Schwartz,2023-03-10
712,Antonio Odonnell,2022-04-03
713,Emily Brown,2022-11-30
714,Amanda Craig,2025-02-03
715,Catherine Young,2024-03-29
716,Briana Harris,2023-05-06
717,Alan Johnson,2024-04-10
718,Michael Thomas,2025-01-11
719,Marcus Larson,2023-05-11
720,Christopher Miller,2022-06-09
721,Caitlyn Moore,2025-08-04
722,Erin Lewis,2022-03-18
723,Paula Christian,2022-01-06
724,Heather Johnson DDS,2025-01-07
725,Grant White,2025-07-01
726,Daniel Blanchard,2024-10-01
727,Jacob Rodriguez,2022-07-06
728,Kelly Koch,2025-07-07
729,Virginia Higgins,2023-07-07
730,Michelle Garza,2024-04-05
731,Leslie Ibarra,2024-01-14
732,Kerry Olsen,2022-07-25
733,Arthur Price,2023-11-14
734,Charles Fry,2023-02-26
735,Donald Jones,2022-11-14
736,Lisa Myers,2023-07-25
737,Brianna Torres,2021-10-28
738,Andrew Parrish,2025-06-19
739,Tiffany Henderson,2022-01-13
740,Amy Carroll,2024-01-21
741,Thomas Campbell,2025-08-09
742,Katie Wells,2024-05-02
743,Carol Parsons,2023-01-21
744,Bryan Chung,2023-04-15
745,Abigail Stephens,2022-05-17
746,Peter Terrell,2023-11-04
747,Alexandra Matthews,2021-10-20
748,James Ortiz,2025-06-16
749,Christina Anderson,2022-10-23
750,Suzanne Harris,2024-06-26
751,Kathleen Williamson,2025-02-27
752,Matthew Patterson,2025-08-26
753,Angela Flores,2024-09-15
754,Michael Knight,2022-07-25
755,Heather Barnett DDS,2022-12-30
756,Vincent Woods,2023-12-15
757,Michelle Sims,2023-08-07
758,Joseph Hughes,2024-06-13
759,Karina Sheppard,2022-04-06
760,Alyssa Ellis,2023-07-31
761,Jessica Barron,2021-11-10
762,Dakota Rogers,2023-01-19
763,Crystal Edwards,2024-08-21
764,Kerri Harris,2022-11-15
765,Ryan Harris,2025-05-13
766,Joseph Hernandez,2024-11-17
767,Christopher Chan,2025-02-15
768,Cody Vaughn MD,2021-10-08
769,Melissa Mueller,2025-06-12
770,Dr. Christopher Perkins,2023-08-12
771,Deborah Baxter,2025-01-24
772,Stacy Nelson,2023-08-19
773,Craig Rodgers,2024-03-16
774,Cody Best,2024-05-27
775,Jessica Nelson,2022-10-28
776,Tammy Wilson,2022-03-09
777,Jessica Blankenship,2024-03-17
778,Kelli Henderson,2023-06-25
779,Mark Allen,2025-08-24
780,Erika Dunn,2022-12-27
781,Jasmine Reed,2025-07-14
782,Kayla Reyes,2024-08-31
783,Brendan Burch,2023-10-26
784,Deborah Stuart,2024-05-01
785,Jake Kim,2021-12-20
786,Donna May,2024-05-23
787,Patrick Buckley,2023-05-20
788,Kimberly Neal,2022-03-18
789,Frank Smith,2024-07-05
790,Vanessa Davis,2022-05-08
791,Michele Garcia,2022-08-31
792,Justin Lawrence,2024-12-14
793,Daniel Gross,2025-06-10
794,Julie Martin,2025-04-17
795,Mark Berry,2021-10-11
796,Amy Aguilar,2022-06-16
797,Eric Perez,2024-01-06
798,Veronica Smith,2024-09-19
799,Gina Paul,2025-09-10
800,Shirley Warren MD,2023-06-13
801,Jordan Herman,2024-11-19
802,Chad Hernandez,2021-10-14
803,Mr. Jeffery Thomas,2023-03-09
804,Sarah Burns,2024-05-01
805,Ryan Norton PhD,2025-08-29
806,Sarah Lopez,2021-11-01
807,Kevin Lopez,2024-01-19
808,Kathleen Delgado,2024-08-31
809,Jennifer Vazquez,2024-06-03
810,William Francis,2022-06-12
811,Joseph Woods,2025-05-16
812,Matthew Wood,2023-10-14
813,Tammy Mercado,2025-04-22
814,Michael Schwartz,2022-02-27
815,Nicole Hartman,2023-09-11
816,Christopher Gutierrez,2024-05-29
817,Shelly Kane,2023-07-25
818,Kevin Murray,2023-10-03
819,Cynthia Greene,2021-10-30
820,Barbara Arias,2022-12-17
821,James Roberts,2024-11-27
822,Jeffrey Norman,2025-09-07
823,Frank Hayes,2024-11-10
824,Chad Webb,2024-01-15
825,Chris Michael,2024-02-13
826,Nicole Wall,2021-09-22
827,Brandy Wilson,2024-11-27
828,Rebecca Foster,2023-11-04
829,Jonathon Ross,2022-05-08
830,Adam Davenport,2023-10-14
831,Jennifer Novak,2024-04-10
832,Sharon Gonzalez,2024-04-05
833,Tracy Bradley,2022-02-12
834,John Henderson,2022-01-09
835,Regina Walker,2024-04-08
836,Kelly Smith,2023-12-13
837,Scott Nelson,2022-10-10
838,David Wood,2022-05-09
839,Aaron Lopez,2023-04-27
840,Joshua Lewis,2025-05-05
841,Adrienne Martin,2023-11-04
842,Katrina Peters,2025-02-16
843,Joseph Williamson,2021-10-26
844,Wesley Lewis,2025-07-18
845,Anthony Jackson,2025-09-03
846,Jennifer Baker,2022-03-22
847,Sheri Ramirez,2023-10-15
848,Randy Richard MD,2021-12-12
849,Eric Little,2024-02-06
850,David Hughes,2025-08-20
851,Chloe Wright,2025-01-29
852,Anthony Jones,2023-12-21
853,Ashley Lowery,2024-10-05
854,Olivia Moore,2021-12-03
855,Thomas Mckinney,2022-08-11
856,John Taylor,2022-04-02
857,Alexa Lawson,2022-04-29
858,Vanessa Schroeder,2025-05-19
859,Matthew Strickland,2022-03-11
860,Lance Long,2024-03-15
861,Cassandra Taylor,2024-01-06
862,Rodney Gomez,2025-05-09
863,Sandra Young,2022-03-15
864,Nathaniel Edwards,2023-10-18
865,Jessica Morgan,2024-11-14
866,Mary Martin,2022-11-25
867,Randy Taylor,2023-02-06
868,Aaron Turner,2022-04-21
869,Marcus West,2022-07-10
870,Michael Flores,2023-02-28
871,Stacy Simmons,2022-09-12
872,Gregory Dorsey,2023-12-21
873,Daniel Griffin,2022-10-14
874,Eric Moore,2022-09-03
875,Sandra Lopez,2023-07-16
876,Vanessa Fernandez,2024-05-28
877,Pamela Johnson,2024-12-05
878,Natasha Richmond,2024-06-25
879,Chelsey Smith,2023-03-14
880,Paul Williams,2023-09-14
881,Christopher Smith,2025-04-17
882,Erica Hodges,2024-09-29
883,Heather Smith,2022-05-05
884,Steven Baker,2022-01-30
885,Melissa Wilson,2021-12-14
886,Justin Levine,2023-09-24
887,Ashley Greene,2024-12-11
888,Darius Simmons,2025-07-22
889,Nicole Smith,2021-09-21
890,Christopher Williams,2023-12-05
891,Jessica Casey,2025-01-22
892,Ellen Hodges,2023-12-26
893,David Holt,2022-11-08
894,Kristin Holmes,2025-03-17
895,Robert Hughes,2023-06-30
896,Nicholas Irwin,2023-01-25
897,Holly Dominguez,2024-07-28
898,Betty Young,2022-07-18
899,Beverly Norman,2025-04-17
900,Cheryl Davis,2024-06-06
901,Christine Terrell,2025-03-30
902,Carol Martinez,2022-10-08
903,Donna Jones,2022-10-14
904,Christie Henderson,2021-09-24
905,Jennifer Johnson,2022-03-26
906,Joshua Hall,2022-12-18
907,Dorothy Smith,2025-02-10
908,Mary Smith,2023-01-06
909,Lori Rosales,2025-08-09
910,Garrett Wilson,2024-07-14
911,Jose Benjamin,2022-06-04
912,Elizabeth Bates,2022-12-20
913,Mark Harris,2024-11-25
914,Thomas Hill,2021-10-25
915,James Holland,2021-11-28
916,Matthew Martinez,2023-05-11
917,Mrs. Amanda Smith,2024-10-30
918,Johnny Williams,2024-11-24
919,Renee Martinez,2025-06-25
920,Heather Allen,2025-08-11
921,Jennifer Cooper,2022-05-31
922,Scott Friedman,2022-04-16
923,Nicole Hayes,2025-05-18
924,Ryan Murphy,2023-06-29
925,Amanda Lewis,2022-11-27
926,Traci Johnson,2024-10-17
927,Steven Robinson,2025-04-28
928,John Frank,2023-05-16
929,Barbara Grant,2023-04-05
930,James Rodriguez,2024-01-10
931,Christine Chung,2023-08-06
932,Daniel Page,2022-09-01
933,Tammy Spencer,2021-10-08
934,Darryl Davis,2022-02-26
935,Julia Key,2024-03-31
936,Cynthia West,2024-08-30
937,Monica Vargas,2021-12-19
938,Samantha Garcia,2021-10-13
939,Sarah Miller,2022-12-31
940,Christopher Camacho,2023-03-06
941,Karen Garrett,2023-11-12
942,Amy Montgomery,2025-04-15
943,Lawrence Collins,2024-07-01
944,Ronald Mcguire,2022-08-28
945,Jeremy Decker,2023-05-13
946,Michaela Fletcher,2024-10-11
947,Courtney Reilly,2025-02-14
948,Nicholas Hoffman,2023-04-12
949,Melissa Case MD,2024-02-29
950,Andre Norman,2024-11-28
951,Kristen Campbell,2025-08-31
952,Brandi Walker,2023-11-22
953,Kelly Taylor,2022-01-19
954,Patricia Sullivan,2023-08-14
955,Sabrina Keith,2024-06-20
956,Donna Mccall,2022-06-08
957,Mario Hayes,2023-01-27
958,Hannah Jones,2021-10-26
959,Michele Nelson,2021-10-08
960,Jessica Gutierrez MD,2024-08-07
961,Heather Jones,2023-09-28
962,Michael Sullivan,2022-10-01
963,Miguel Woodard,2024-02-14
964,Howard Stone,2022-08-16
965,Alexandra Thomas,2021-12-31
966,Kenneth Jimenez,2024-02-09
967,Christine Snyder,2022-10-11
968,Dr. Sheila Reilly,2022-05-11
969,Matthew Lewis,2023-03-16
970,Heather Peterson,2023-07-14
971,Rachel Savage,2023-05-15
972,Gregory Douglas,2024-09-12
973,Paul Thomas,2022-01-09
974,Edward Griffith,2023-05-17
975,Sarah Taylor,2025-03-17
976,Cindy Carter,2025-02-03
977,Patricia Roberts,2023-02-17
978,Jennifer Beasley,2023-11-27
979,Blake Turner II,2024-10-14
980,Rita Mitchell,2024-05-16
981,Mary Figueroa,2024-01-13
982,Jonathan Hansen,2023-01-21
983,Tamara Cohen,2023-12-16
984,Daniel Taylor,2025-02-21
985,Denise Berg,2024-06-11
986,Kayla Serrano,2024-11-11
987,Derek Peters,2022-11-02
988,Jeffrey Potter,2024-01-07
989,Derrick Dunn MD,2022-03-01
990,Adam Mckinney,2025-07-17
991,Edward Terrell,2022-11-21
992,Jeffrey Flores,2025-06-10
993,Matthew Sanders,2022-07-23
994,Brittney Vincent,2023-03-13
995,Alexandra Baker,2022-06-12
996,Anna Ramirez,2024-03-07
997,Caitlin Walker,2023-05-04
998,Jane Robinson,2022-06-12
999,Mackenzie Martin,2025-08-27
1000,James Peters,2024-07-28
